"Caprice, Heavenly, Gemma Massey and Antonia Deona had some things they had to do at the bank today but the manager was being a cunt. She clearly needed to get fucked so this little errand turned into a full on gang bang!"
"Lena Alexis is the daughter or a professional soccer coach and she has a huge crush on a pro soccer player that her dad coaches. She comes over to his house and flirts with him and eventually reaches down and grabs his hard dick through his pants! She begs him to fuck her tight pussy on the couch. He fucks her just right and catches the whole thing on camera!"
"Antonya, Blond Cat, and Maddy haven't been lesbians for long, but indulging in these urges that have always existed inside of them feels so good. There are many toys in their collections, but all of them serve the same purpose for these pussy lickers as they lay out their naked bodies on a public street."
"Sensual Jane, Antonia Deona and Natasha Marley star in this story line foursome. We could give you all the details and the blah blah blah on this video but here's what you really need to know. No one in the industry creams a cock like Antonia Deona! Click on this scene to see her pussy turn his cock white with cum."
"Alison Star and Bonita have never done anything like this before, but they're catching on super fast. They seem to know just the right place for each part of the very involved medical equipment. Once the pussy is thoroughly stretched, its onto the ass hole."
"Legit you are not going to believe how much cock Lucy Bell can take in one hole at the same time! Not only does she slut it up fucking and sucking in every position during this threesome but she spreads as wide as she can to take both their cocks in her little asshole at the same time! Our camera goes in close to bring you the best views of Lucy taking double anal!"
"Lauryn May and Nelly Sullivan haven't really ever eaten pussy before, but as soon as they meet, a fire is sparked between them that can't be extinguished. The baton is a great tool that can turn anyone into a submissive pussy eater, and the owner of these weapons doesn't resist using them on her fresh shaven prey."
"Tyler Faith, Carolyn Reese and Lichelle Marie have gathered today to share a dick. These babes like to watch just as much as they like to get stuffed with man meat and nothing gives them a front row view to the live action like a foursome. Not only do they get to watch their rent a stud fuck their friends but they get to go lesbian while they wait their turn!"
"Aleska Diamond, Aiden, and Kittie are all a little new to this whole lesbian thing, but once they get into the swing of it, they don't even have to think about what to do next. The workout room is the perfect place for them to play because there are many pieces of equipment to sprawl out on."
"Brandy Smile and Chrystal Lee are too horny to let their desires go unfulfilled any longer. A red dildo is just what Chrystal needs shoved up her shaved twat, so Brandy comes to her room with the object in hand ready to penetrate her lesbian friend."
"Spoilers are all over the internet and we don't want to give them away here to so all we will tell you is that if you stay till the end of this four way fuck starring Louise Muirhead, Samantha Bentley and Ella Mai, one of these lucky ladies winds up with an ass full of cum."
"Sophie Dee, Liza Del Sierra and Charley Green all have their tits out before their studs cock is even hard! That's how badly they wanted to get it on in this FFFM foursome that leaves one lucky bastard balls deep in these three hotties!"
"Cassie Courtland and August Night are bound and gagged and ready to pull their cowboys wagon. Wearing leather bridals with bits, they are rewarded for their hard work with his thick cock. Watch as they take turns having their pussies stuffed and stay until the end to watch them share his cum."
"Monica Mayhem has always liked her sex with a little kink. Today she invites you into her dungeon so you can see how she is serviced by her slave. He is bound to the ceiling and only released when Monica is ready for his mouth on her cunt. She lets him eat it and finger it until she is wet, then she tells him exactly how to fuck her."
"Nicole Sheridan has a body that is a work of art. No really. Look at how she holds that picture frame right there on her pussy so her stud can paint it with his brush. It's her ass that gets him hard and you can see this hot couple fuck on a table full of paint."
"Karlie is a long haired brunette college lesbian who found a woman who looks just like her. The couple starts out by kissing gently before they move to eating pussy and squeezing tits. Karlie puts on a strap-on dildo and fucks her girlfriend in her pink hole before moving to the ass. These two lesbos really know how to stretch a hole!"
"Linet Slag is a pretty little slut that looks super sweet and innocent when you see her walking down main street. But put a couple of cocks in front of her and you will see a very different side! Like today she's bending over for double anal! Two cocks fucking her asshole at the same time until they both pull out to cum on her face!"
"Alicia Angel likes to mas her pussy up on her studs face. If you eat her out just right, she will let you fuck her as hard and deep as you like. Her ass also becomes fair game, but only if you eat that pussy right!"
